match_id,id,name,team,position,points_total,Minutes,Try,Assists,Conversion,Penalty,MetresCarried,DefendersBeaten,Tackles,PenaltyConceded,FiftyTwentyTwo,KicksRecovered,DropGoal,Offloads,LineoutSteal,BreakdownSteal,PlayerOfTheMatch,AttackingScrumWin,YellowCard,Minutes_points,Try_points,Assists_points,Conversion_points,Penalty_points,MetresCarried_points,DefendersBeaten_points,Tackles_points,PenaltyConceded_points,FiftyTwentyTwo_points,KicksRecovered_points,DropGoal_points,Offloads_points,LineoutSteal_points,BreakdownSteal_points,PlayerOfTheMatch_points,AttackingScrumWin_points,YellowCard_points,crit_18,computed_points_total,points_delta
1,1322,T. Attissogbe,France,Back-three,32,80,1,0,0,0,45.0,2,8,0,0,0,0,3,0,0,0,0,0,0,10,0,0,0,4,4,8,0,0,0,0,6,0,0,0,0,0,0,32,0
1,704,L. Bielle-Biarrey,France,Back-three,51,80,2,0,0,0,99.0,5,8,0,0,2,0,0,0,0,0,0,0,0,20,0,0,0,9,10,8,0,0,4,0,0,0,0,0,0,0,0,51,0
1,108,T. Ramos,France,Back-three,46,80,0,1,4,1,116.0,6,0,0,0,1,0,3,0,0,0,0,0,0,0,4,8,3,11,12,0,0,0,2,0,6,0,0,0,0,0,0,46,0
1,1260,N. Depoortere,France,Centre,36,80,0,0,0,0,61.0,7,14,0,0,0,0,1,0,0,0,0,0,0,0,0,0,0,6,14,14,0,0,0,0,2,0,0,0,0,0,0,36,0
1,1662,K. Gourgues,France,Centre,6,30,0,0,0,0,18.0,0,3,0,0,0,0,1,0,0,0,0,0,0,0,0,0,0,1,0,3,0,0,0,0,2,0,0,0,0,0,0,6,0
1,383,Y. Moefana,France,Centre,15,50,0,1,0,0,22.0,1,3,0,0,0,0,2,0,0,0,0,0,0,0,4,0,0,2,2,3,0,0,0,0,4,0,0,0,0,0,0,15,0
1,117,M. Jalibert,France,Fly-half,52,80,1,1,0,0,73.0,5,11,0,0,1,0,4,0,0,0,0,0,0,10,4,0,0,7,10,11,0,0,2,0,8,0,0,0,0,0,0,52,0
1,113,A. Dupont,France,Scrum-half,30,74,0,1,0,0,35.0,3,6,1,0,5,0,1,0,0,0,0,0,0,0,4,0,0,3,6,6,-1,0,10,0,2,0,0,0,0,0,0,30,0
1,1973,B. Serin,France,Scrum-half,6,6,0,0,0,0,22.0,2,0,0,0,0,0,0,0,0,0,0,0,0,0,0,0,0,2,4,0,0,0,0,0,0,0,0,0,0,0,0,6,0
1,206,F. Cros,France,Back-row,10,62,0,0,0,0,7.0,0,5,0,0,0,0,0,0,0,0,5,0,0,0,0,0,0,0,0,5,0,0,0,0,0,0,0,0,5,0,0,10,0
1,1320,O. Jegou,France,Back-row,31,80,0,0,0,0,17.0,3,15,0,0,0,0,1,0,0,0,7,0,0,0,0,0,0,1,6,15,0,0,0,0,2,0,0,0,7,0,0,31,0
1,249,A. Jelonch,France,Back-row,30,80,0,0,0,0,5.0,1,17,0,0,0,0,2,0,0,0,7,0,0,0,0,0,0,0,2,17,0,0,0,0,4,0,0,0,7,0,0,30,0
1,1979,L. Nouchi,France,Back-row,17,18,0,0,0,0,23.0,1,12,1,0,0,0,0,0,0,0,2,0,0,0,0,0,0,2,2,12,-1,0,0,0,0,0,0,0,2,0,0,17,0
1,196,C. Ollivon,France,Back-row,23,50,1,0,0,0,22.0,0,2,0,0,0,0,0,0,0,0,4,0,0,15,0,0,0,2,0,2,0,0,0,0,0,0,0,0,4,0,0,23,0
1,1319,H. Auradou,France,Second-row,18,30,0,0,0,0,17.0,0,7,0,0,0,0,0,1,0,0,3,0,0,0,0,0,0,1,0,7,0,0,0,0,0,7,0,0,3,0,0,18,0
1,1341,M. Guillard,France,Second-row,42,50,0,1,0,0,43.0,3,7,0,0,0,0,1,0,0,1,4,0,0,0,4,0,0,4,6,7,0,0,0,0,2,0,0,15,4,0,0,42,0
1,1257,E. Meafou,France,Second-row,11,30,0,0,0,0,0.0,0,7,1,0,0,0,1,0,0,0,3,0,0,0,0,0,0,0,0,7,-1,0,0,0,2,0,0,0,3,0,0,11,0
1,111,D. Aldegheri,France,Prop,6,50,0,0,0,0,0.0,1,1,1,0,0,0,0,0,0,0,4,0,0,0,0,0,0,0,2,1,-1,0,0,0,0,0,0,0,4,0,0,6,0
1,218,J. Gros,France,Prop,9,50,0,0,0,0,4.0,0,5,0,0,0,0,0,0,0,0,4,0,0,0,0,0,0,0,0,5,0,0,0,0,0,0,0,0,4,0,0,9,0
1,1370,R. Montagne,France,Prop,18,30,0,0,0,0,5.0,0,10,0,0,0,0,0,0,1,0,3,0,0,0,0,0,0,0,0,10,0,0,0,0,0,0,5,0,3,0,0,18,0
1,1637,R. Neti,France,Prop,5,30,0,0,0,0,0.0,0,2,0,0,0,0,0,0,0,0,3,0,0,0,0,0,0,0,0,2,0,0,0,0,0,0,0,0,3,0,0,5,0
1,110,J. Marchand,France,Hooker,12,50,0,0,0,0,4.0,1,6,0,0,0,0,0,0,0,0,4,0,0,0,0,0,0,0,2,6,0,0,0,0,0,0,0,0,4,0,0,12,0
1,208,P. Mauvaka,France,Hooker,20,30,0,0,0,0,4.0,0,10,0,0,0,0,1,0,1,0,3,0,0,0,0,0,0,0,0,10,0,0,0,0,2,0,5,0,3,0,0,20,0
1,1373,T. O'Brien,Ireland,Back-three,7,50,0,0,0,0,15.0,0,7,1,0,0,0,0,0,0,0,0,0,0,0,0,0,0,1,0,7,-1,0,0,0,0,0,0,0,0,0,0,7,0
1,706,J. Osborne,Ireland,Back-three,21,73,0,0,0,0,68.0,1,3,1,1,2,0,0,0,0,0,0,0,0,0,0,0,0,6,2,3,-1,7,4,0,0,0,0,0,0,0,0,21,0
1,73,J. Stockdale,Ireland,Back-three,13,80,0,0,0,0,33.0,3,4,0,0,0,0,0,0,0,0,0,0,0,0,0,0,0,3,6,4,0,0,0,0,0,0,0,0,0,0,0,13,0
1,257,S. McCloskey,Ireland,Centre,27,80,0,1,0,0,30.0,3,10,0,0,0,0,2,0,0,0,0,0,0,0,4,0,0,3,6,10,0,0,0,0,4,0,0,0,0,0,0,27,0
1,72,G. Ringrose,Ireland,Centre,12,80,0,0,0,0,34.0,2,3,0,0,0,0,1,0,0,0,0,0,0,0,0,0,0,3,4,3,0,0,0,0,2,0,0,0,0,0,0,12,0
1,705,J. Crowley,Ireland,Fly-half,6,30,0,0,0,0,23.0,0,4,0,0,0,0,0,0,0,0,0,0,0,0,0,0,0,2,0,4,0,0,0,0,0,0,0,0,0,0,0,6,0
1,1335,S. Prendergast,Ireland,Fly-half,32,80,0,0,2,0,23.0,3,13,1,0,2,0,2,0,0,0,0,0,0,0,0,4,0,2,6,13,-1,0,4,0,4,0,0,0,0,0,0,32,0
1,327,C. Casey,Ireland,Scrum-half,1,7,0,0,0,0,0.0,0,1,0,0,0,0,0,0,0,0,0,0,0,0,0,0,0,0,0,1,0,0,0,0,0,0,0,0,0,0,0,1,0
1,283,J. Gibson-Park,Ireland,Scrum-half,12,80,0,0,0,0,4.0,1,4,0,0,3,0,0,0,0,0,0,0,0,0,0,0,0,0,2,4,0,0,6,0,0,0,0,0,0,0,0,12,0
1,286,J. Conan,Ireland,Back-row,5,30,0,0,0,0,7.0,1,1,0,0,0,0,0,0,0,0,2,0,0,0,0,0,0,0,2,1,0,0,0,0,0,0,0,0,2,0,0,5,0
1,182,C. Doris,Ireland,Back-row,34,80,0,0,0,0,29.0,3,15,0,0,0,0,1,0,1,0,4,0,0,0,0,0,0,2,6,15,0,0,0,0,2,0,5,0,4,0,0,34,0
1,328,C. Prendergast,Ireland,Back-row,15,50,0,0,0,0,3.0,0,13,0,0,0,0,0,0,0,0,2,0,0,0,0,0,0,0,0,13,0,0,0,0,0,0,0,0,2,0,0,15,0
1,318,N. Timoney,Ireland,Back-row,33,30,1,0,0,0,38.0,2,4,0,0,0,0,0,0,1,0,2,0,0,15,0,0,0,3,4,4,0,0,0,0,0,0,5,0,2,0,0,33,0
1,68,J. van der Flier,Ireland,Back-row,14,50,0,0,0,0,15.0,0,11,0,0,0,0,0,0,0,0,2,0,0,0,0,0,0,1,0,11,0,0,0,0,0,0,0,0,2,0,0,14,0
1,291,T. Beirne,Ireland,Second-row,39,80,0,1,0,0,12.0,0,15,0,0,0,0,0,0,3,0,4,0,0,0,4,0,0,1,0,15,0,0,0,0,0,0,15,0,4,0,0,39,0
1,434,J. McCarthy,Ireland,Second-row,12,50,0,0,0,0,2.0,1,9,1,0,0,0,0,0,0,0,2,0,0,0,0,0,0,0,2,9,-1,0,0,0,0,0,0,0,2,0,0,12,0
1,152,J. Ryan,Ireland,Second-row,9,30,0,0,0,0,7.0,1,5,0,0,0,0,0,0,0,0,2,0,0,0,0,0,0,0,2,5,0,0,0,0,0,0,0,0,2,0,0,9,0
1,290,F. Bealham,Ireland,Prop,0,21,0,0,0,0,3.0,0,0,0,0,0,0,0,0,0,0,0,0,0,0,0,0,0,0,0,0,0,0,0,0,0,0,0,0,0,0,0,0,0
1,1332,T. Clarkson,Ireland,Prop,8,59,0,0,0,0,2.0,0,5,1,0,0,0,0,0,0,0,4,0,0,0,0,0,0,0,0,5,-1,0,0,0,0,0,0,0,4,0,0,8,0
1,1967,J. Loughman,Ireland,Prop,14,59,0,0,0,0,0.0,0,11,1,0,0,0,0,0,0,0,4,0,0,0,0,0,0,0,0,11,-1,0,0,0,0,0,0,0,4,0,0,14,0
1,962,M. Milne,Ireland,Prop,18,21,1,0,0,0,4.0,0,3,0,0,0,0,0,0,0,0,0,0,0,15,0,0,0,0,0,3,0,0,0,0,0,0,0,0,0,0,0,18,0
1,183,R. Kelleher,Ireland,Hooker,4,18,0,0,0,0,1.0,0,4,0,0,0,0,0,0,0,0,0,0,0,0,0,0,0,0,0,4,0,0,0,0,0,0,0,0,0,0,0,4,0
1,324,D. Sheehan,Ireland,Hooker,13,62,0,0,0,0,12.0,2,4,0,0,0,0,0,0,0,0,4,0,0,0,0,0,0,1,4,4,0,0,0,0,0,0,0,0,4,0,0,13,0
